metric,value
training_cross_entropy_loss,0.7086054393005371
validation_cross_entropy_loss,0.7076739616394043
training_perplexity,2.031156711307936
validation_perplexity,2.029265615098764
training_bits_per_character,1.0223015532258304
validation_bits_per_character,1.0209577150234153
generalization_gap,-0.0009314776611327735
training_top_1_accuracy,0.7756405078125
validation_top_1_accuracy,0.77588671875
average_gradient_norm,0.6070396580798307
maximum_gradient_norm,5.447399139404297
total_nan_count,0
total_loss_spike_count,0
parameter_count,2757605
training_tokens_per_second,610617.5098072446
total_training_time_seconds,435.4786291999999
peak_gpu_memory_gb,1.9706816673278809
distinct_1,0.09744643542111897
distinct_2,0.4227535481828515
distinct_3,0.6663279478940775
repeated_4gram_rate,0.2309668663919612
generation_tokens_per_second,351.2900545462971
