index,category,error_type,actual_label,predicted_label,probability_positive,slice,token_length,review,observation,testable_fix,suggested_fix
22663,confident_false_positive,,0,1,0.9998462200164795,long_reviews+contains_negation,114,about average far steakhouses go rib eye tasty little over cooked didn't complain because flavor still fantastic thought process quite out order i've better sell over all i'd say more show content want great high end steak i'd recommend ruth chris lg's flemings morton's want show off how much money make rain jean georges place offered pork chop 99 special cut steak 199 prices i'll personally fly anywhere country serve best steak ever not born silver spoon mouth good financial values probably go somewhere else friends named justin b diddy snoop second car just happens bentley you'll fit right service good ambiance great food fantastic service bottom line oh damn! bring platinum black card,,,Add negation-aware features and inspect positive words used in negative contexts.
34683,confident_false_positive,,0,1,0.9998071789741516,medium_reviews,68,everyday noodles lot going fast friendly service attractive decorations impeccably clean just renovated interior reasonable prices convenient location only one issue bland plain food textures temperatures right between us dinner party tried about dozen appetizers entrees flavors consistently simple tame n nplenty people don't like intense flavors perfect when go they'll only spot everyday noodles i'm walking way how lee raman bar across street more flavorful adventurous fair,,,Add negation-aware features and inspect positive words used in negative contexts.
9609,confident_false_positive,,0,1,0.9996761083602905,medium_reviews+contains_negation,73,love paris don't love vegas version hotel sure eiffel tower montgolfier balloon arc de triomphe sure one favorite restaurants mon ami gabi terrific buffet sure room faces blvd great view bellagio fountains hotel casino not good one reason only smokers n nyou walk bar go fro room buffet hit square nose smoke why don't build another place smokers enclose glass kill themselves? instead it's unavoidable madness n nif smoker it's great highly recommended,,,Add negation-aware features and inspect positive words used in negative contexts.
9126,confident_false_positive,,0,1,0.9996169805526733,medium_reviews,99,after eating first time oct really looking forward meal n ni came lunch waiter talked into trying buffet lunch salad tom yum cabbage soup egg soup egg rolls tofu veg green curry chicken white fried rice tempura veg pad thai pad see ew fried banana fruit all delicious thai flavors dumbed down muted n n2nd chance failed! went back dinner garlic shrimp blew mind last time first time shells crunchy like shrimp chips meat lightly fried moist delicious time dried out tough bad sent back waiter brought back out said supposed way gross! good note steak tartare tasty delicious!,,,Add negation-aware features and inspect positive words used in negative contexts.
25701,confident_false_positive,,0,1,0.9995201826095581,medium_reviews+contains_negation,41,both red tinga well chili verde gordita enjoyed large cup best horchata las vegas fresh warm gorditas filling good not great good quick stop much better options when looking full flavored spicy authentic gordita service friendly restaurant spotlessly clean almost antiseptic,,,Add negation-aware features and inspect positive words used in negative contexts.
10804,confident_false_negative,,1,0,0.0001986429706448689,long_reviews+contains_negation,231,take star due cons n npros rooms big somewhat comfortable felt pillows soft casino good size compare hotel resort venetian casino not overly packed seemed draw lot locals think probably only place family actually won food court nice morning no waiting lines coffee bean after midnight fatburger served up fresh burgers again without crowd pool really nice seemed really clean 21 over pool somewhat private own bar about 20 lounge pool chairs about 10 cabana's probably 4 6 pool beds main pool sand entry beach nice view strip n ncons downside hotel resort carpets although looking clean really dirty!! stay far away china spice restaurant possible!!! first night tried place because offered 25 off when spend 50 only applies food not drinks alcohol wait 20 minutes about 5 tables open only 1 whole server working want eat within hour highly recommend staying far away restaurant possible after seated took 20 minutes place order not because busy because waitress flap gums syndrome aka talked socialized way much took another 15 minutes get drinks literately sat side bar 10 minutes served room temperature after placing order took another 20 minutes get cold food!! not even warm like placed straight plate refrigerator!! when mother told waitress food cold waitress turned asked telling truth shame way start trip shame restaurant even open serve public all unprofessional rude service provides guess up side drinks got comp,,,Improve vocabulary coverage and test phrase-level features for strong positive expressions.
30793,confident_false_negative,,1,0,0.0003001693112310022,medium_reviews+contains_negation,61,place much better since changed owners n nmy wife went when old owners terrible waited forever food never came before walked out people served before us walked after wife actually got soup before sat waited while made more n nit horrible n nnow much better staff friendly treat customers well nothing positive things now say about place much better new owners,,,Improve vocabulary coverage and test phrase-level features for strong positive expressions.
23763,confident_false_negative,,1,0,0.00038805720396339893,long_reviews+contains_negation,131,wonderful market extensive variety products rated market 4 only rate customer service 1 market numerous times every time try purchase fish employees ignore can't get waited new years eve went 9am when opened 9am however fish market not ready both younger older man still putting out fish ice after period time older man asked minded waiting 5 minutes said no waited waited younger man went down middle counter started waiting people who waiting fish waited waited older man continued ice fish after about 20 minutes younger man came back asked gentlemen just walked up counter help him finally intervened said waiting service since opened apologized man next younger man finally waited people working behind meat fish counter definitely need training customer service suggest numbering system customers not continue happen other customers,,,Improve vocabulary coverage and test phrase-level features for strong positive expressions.
28654,confident_false_negative,,1,0,0.0005172896781004965,long_reviews+contains_negation,215,sometimes just like go out drink dance interact strangers all while getting ear drums assaulted what only described nasty bass drops yes sometimes like go clubs tao group almost never failed clubgoing experiences marquee no different n nthe first time went brief walk through essentially went friend who not handle enclosed crowded spaces well yeah know after quick walk through left figured i'd never back because while nothing displeased club really only go i'm guaranteed seating place hide heels i've kicked off n nnearly year later came back best friend's birthday table bingo! got stay play experience honestly don't know where club just table near one bars see lot dance floor action decent view dj's stage what liked about marquee mostly service typically when get comp'd table particularly all girls service pretty subpar other words use because busser hostess make unfortunate assumption table girls not going tip well hostess not nice came back check us frequently didn't treat us like second class citizens even didn't want bothered us never showed left fat tip it's simple don't bitch we'll leave good tip n nthe music great dj fun someone threw whole bunch dollar bills onto dance floor all all great experience not sure come back without table because personal preference recommend marquee authentic vegas nightclub experience,,,Improve vocabulary coverage and test phrase-level features for strong positive expressions.
30086,confident_false_negative,,1,0,0.0005588159547187388,medium_reviews+contains_negation,57,went yesterday found place just closed another victim good chef bad location business planning n nhint future restauranteurs don't open scottsdale restaurant summer unless cash survive no business till following march advertise heavily don't locate business where customers coming one direction make u turn get particularly there's no good signage n nthe stacy's location phoenix remains open,,,Improve vocabulary coverage and test phrase-level features for strong positive expressions.
9864,near_threshold_error,,1,0,0.4998469054698944,short_reviews,13,punk rock bar nhappy hour m f noon 5 all drinks only 2!,,,Improve calibration or use stronger context aggregation.
14810,near_threshold_error,,1,0,0.4997037947177887,short_reviews+contains_negation,19,cannot request level spiciness pad thai when ordering online wanted no spicy wasnt bad anyway deal w little spice,,,Improve calibration or use stronger context aggregation.
3290,near_threshold_error,,1,0,0.4996865689754486,medium_reviews+contains_negation,64,far favorite theater world better ultrastar suprise fan harkins choose over amc every time possible only thing really stay top roving packs rude noisy teens think movie theater place show how smart read obnoxious n nseriously let people act like run off people lots more disposable income go elsewhere please keep quality high manage atmosphere good thing stay watchful whether not harkins keeps good,,,Improve calibration or use stronger context aggregation.
8339,near_threshold_error,,1,0,0.4994000196456909,medium_reviews,78,can't complain about food everything pretty good hummus yogurt cucumber dip falafel steak kabobs kabob huge serving wife split couldn't finish quality meat good correctly cooked requested temp didn't come basmati rice rice pilaf wonderful butteriness n ntheir menu ridiculously large cuisines including italian mediterranean persian greek indian opinion they'd better off more focused menu guess what attract most customers even kid's menu all typical kid stuff n nservice decent prices ok interior looks little dated comfortable enough,,,Improve calibration or use stronger context aggregation.
9868,near_threshold_error,,0,1,0.5006253719329834,medium_reviews+contains_negation,56,just stopping review super cheesey sirens pirate show ti silly cheesey previously stated weak mean free show ok just wish hadnt wasted good camcorder tape lol dialouge awful about sirens not wanting pirates steal closet space stuff didnt vibe feminist ideals once again free fun show youre right area watch wouldnt schedule whole night around though,,,Improve calibration or use stronger context aggregation.
90,slice_specific_failure,,1,0,0.4160754978656769,long_reviews,256,port authority formerly known patransit pat operates fairly extensive network buses south hills light rail instead running school buses school district gave high schoolers bus passes get class used bus since 1997 n ni've great experience using bus pittsburgh didn't get driver's license until almost 19 bus miss pat another nickname bike got everywhere needed go inevitably delays problems common all modes transportation price right especially free bus pass students see below live work city consider making bus main means commuting n nthe system largely built legacy pre world war ii trolley lines neighborhoods developed before 1950 fairly well served while more recent developments harder navigate bus system just major overhaul spring 2010 still travel many same routes n nthe route numbering system complicated many exceptions rule routes numbered counter clockwise fashion downtown oughts 10's go north 20's 30's go west 40's 50's go south 60's 70's 80's 90's go east routes just letters express flyer routes which may go one three busways transit only highways bypass traffic jams light rail known t trolley serves southern city suburban neighborhoods above ground three underground stations downtown major construction project underway extend trains north side projected completion 2011 n nthe university pittsburgh carnegie mellon university among others agreements port authority allow students staff faculty use university ids bus passes others purchase passes 75 per month 20 per week while local one way fare 2 00 port authority supposed rolling out smart card digital payment system u00e0 la wmata's smartrip london's oyster soon remains development n none especially great value 28x route serving pittsburgh international airport downtown oakland university district via west busway fare mid 2010 2 75 compared taxis other shuttles costing 30 more 28x runs every half hour takes around 35 minutes get airport downtown 15 minutes longer oakland n nthe port authority's fare revenues cover only fraction expenses state county's perennial budget problems caused several funding crises recent years,,,Train and evaluate a targeted strategy for the affected data slice.
1196,slice_specific_failure,,0,1,0.7311634421348572,long_reviews+contains_negation,256,beautiful place nice ambiance ok drinks music better waitress dressed provocatively large breasts falling out top dress showing panties each time bent over which often appeared many ladies dates felt uncomfortable arms crossed immediately men looking ground probably more uncomfortable guys really because one wrong glance blink date over! n nif vibe merc bar going well done guess say awkward when girls large boobs coming out top keeps bending down chest date's face kudos attractive young lady it's bit much when makes guests uncomfortable n nalso one woman left table use restroom watched waitress flirt stroke husband's arm up down gave him check feeling wife saw well i'm happy didn't because just don't know how people gonna react disrespectful intrusive behavior knocked place down couple notches not quite hooters vibe strip club lounge maybe champagne room? really wonder got up use restroom girl come over feel guy up too? didn't like one bit wasn't good feeling out significant other unfortunately memory strongly took away again interesting watching guy somehow ended up date transexual squirm corner insisted playing hair trying kiss neck must internet date lol! n nalso regarding service each time ask questions about drinks waitress go ask bartender it's specialty cocktail lounge aren't liquor micro biologists asking chemical analysis concoctions just regular basic questions nice some level knowledge training given niche price points n nall all remember when place hot back day when don't think even old enough drink it's still nice place many more options town now urbanity phoenix progressing gotta keep up times merc bar when barista knowns more about soymilk latte chick knows about fresh squeezed lemon cocktail issue n nas drinks okay wasn't blown away choices ended up going sidebar afterwards love muddled blueberrry whiskey sour house made delicious! drinks better sidebar vibe little more modern less stripclub 2001 scottsdale nightclub n nsorry merc,,,Train and evaluate a targeted strategy for the affected data slice.
1256,slice_specific_failure,,0,1,0.9022055268287659,long_reviews+contains_negation,256,what era this? n nthat first thought stepped into restaurant mirrored ceilings velvet upholstered chairs cheetah print fabric like 80's movie scarface place pretty quiet atmosphere good maybe birthday graduation dinner n ni came some clients dinner weeknight while phoenix 2 3 other tables night not busy n nthe menu good selection various italian dishes pastas seafood chicken veal pork etc n nfor starters all shared calamari http www yelp com biz photos avanti phoenix?select zzcrkebcrfxbb4fzyaksww krxhhm5bvpqptmxfpo2rja escargot de bourhohne http www yelp com biz photos avanti phoenix?select zzcrkebcrfxbb4fzyaksww lpayawezq9qk92 i6trfa calamari delicious! batter light crisp squid pretty tender escargot cooked garlic butter brandy wine which gave some nice flavors little chewy pretty much tasted like clam n nwe all shared bottle 2010 markham merlot napa valley nutty vanilla woodsy flavor all ordered seafood paired nicely dishes http www yelp com biz photos avanti phoenix?select zzcrkebcrfxbb4fzyaksww ofgn r7 hk5eezkx8w0h1g n nfor main dish went one specials offered night squid ink ciopinno http www yelp com biz photos avanti phoenix?select zzcrkebcrfxbb4fzyaksww rcrj3z o7iyiuiva6r5btg seemed more like pasta rather ciopinno opinion what love most about ciopinno savory rich seafood broth one didn't any broth more like tomato sauce although dish include generous amount seafood mussels shrimp scallop didn't taste fresh rubbery texture n na few people table ordered dover sole special available night http www yelp com biz photos avanti phoenix?select zzcrkebcrfxbb4fzyaksww 9eqoejuq1ayiw6ikw4h5dg fish fried whole server removes fillet head tail right before served someone else ordered dover sole dish available dinner menu http www yelp com biz photos avanti phoenix?select zzcrkebcrfxbb4fzyaksww rfhgeb vykwnyjeiqv fda not seem enjoy much taste murky mushy taste texture sauce buttery prefer fried dover over one n ndessert okayyy ordered spumoni http www yelp com biz photos avanti phoenix?select zzcrkebcrfxbb4fzyaksww rldb83kuqaeoou 6eitg8a looks like vanilla turd lol texture ice cream tasted like ice cream cups you'd get elementary school icee not creamy dirzzled some hershey's chocolate syrup what disappointment sorbet lot better spumoni refreshing palate cleanser http www yelp com biz photos avanti phoenix?select zzcrkebcrfxbb4fzyaksww 3go2ofhml zk2getmsyjjg tiramisu http www yelp com biz photos avanti phoenix?select zzcrkebcrfxbb4fzyaksww powh0i8a7j4 ufbyf4fr average not great not bad n nin opinion prices super steep especially most dishes orderded service wise welcomed upon entrance server attentive only beginning meal took us forever get check,,,Train and evaluate a targeted strategy for the affected data slice.
1282,slice_specific_failure,,0,1,0.6175634860992432,long_reviews+contains_negation,256,only biltmore apple store make typical shopper feel like total douche just walking inside exposed cultish behaviors apple fanboys girls must like ganges apple secularism one might introspect me? n nno okay certainly aren't one tools extolling steve jobs father's testicles blessing planet divinity who created most streamlined electronic products ever exalted god's green ge look around what see particular locus n ninteracting sales associates coal shirted devotees what imagine muhammad faced when met 72 virgins heaven virgins however massively haughty generally useless n nin order one grace presence acknowledge need assistance one must either 1 act like you're walking out store one pretentious product under shirt 2 make appointment genius bar n nf running what crappy state affairs customer service place n nlet get straight cannot get anyone help sell overpriced buggy apple products unless foresight book arses week before? moreover frequently occurring apple jinx strike ipod gonna take appointment tell cannot fix because not fact genius 10 hour fandork apple products wanted 5 employee discount? n nthe 2 times i've problems ipod know what shocker! they've just suggested reformat thus erasing all files losing playlists et al thanks genius thanks keeping up good fight vs microsoft dweeb n nand thanks allowing check out not cashwrap right where stand amongst packed section iphones where people dorking out things appreciate dapper service even though i'm plopping down loot two 'pods which inevitably returned two new ones few short months after stump geniuses over bar n nnow i'm just blue skying how about treat like actual human customer instead atm machine given i've purchased 6 apple products within past 4 years? n ni hate apple crushing portable music market several years now because outposts customer service absolutely abysmal,,,Train and evaluate a targeted strategy for the affected data slice.
2239,slice_specific_failure,,0,1,0.6481618285179138,long_reviews+contains_negation,256,let's meet chandler pita jungle! texts fiddle r dee what's near? like mall proper? text back dobson ray! exclaims she's easily excitable it's pretty cute first hundred thousand times after it's like wha'ev's p what hell!?! that's not near mall!!! shout mind no idea anything else chandler besides obnoxious mall n out burger all house wives whose husbands aren't wealthy enough give houses scottsdale lived couldn't believe amazing n nso park chrome trimmed tank burst through doors looking fiddle r bunch friggin' ducks eyeballing lunch urged several times class via text hurry because raw duck gives indigestion didn't think proprietors look favorably upon preparing own lunch patio unlike monastery ravenous there's fierceness comes out when gets way scary didn't makes giggle anywhodunnit yah friggin' patio friggin' ducks! love friggin' ducks! oh yah around noon place filled soccer moms mostly minus spawn couple moms stole away nannies long enough show brats off other soccer moms imagine conversations go little like look how much more better how much more pretty baby forget name baby forgot name oh yah least husband forget name bought better tits husband forget name go runnin' shelter mothers' little helper think why wasn't really noticed when first walked asked about ducks look nothing like people soul not crushed fact sold dreams cookie cutter cardboard existence mostly because sold soul 4th grade long time ago n ni finally found fiddle r table patio exchanged glares sat wait another ten minutes until someone asked us needed help luckily staff conversation fairly good otherwise fork ms fiddle r fiddling she's amazing fiddler ended up someone's temple couple times n nwhen finally received bit wait attention nothing menu jumped out thinking lamb pork gyro sad face howard beef gyro fiddle r ordered lavosh shwarma wrap read like might good side yummy didn't want order same thing because wanted different n ni've one other pita jungle across mcc mesa southern three times total never overly impressed seemed fairly competent one fell inline it's sister store even strange beef gyro think try make look like lamb rectangular slices where friggin' lamb!?! exception far food concerned blue corn nachos fiddle r ordered us someone kitchen dumped bucket goodness onto plate slathered cheesy gooey ness! yum! fiddle r enjoyed muchly ducks actually ducks like lot things wouldn't thought like tomatoes beans beef chicken wished served duck because hilarious n nwhat made place fun not food 2 25 2 5 stars changed mind definitely not service received 2 stars wasn't even asked wanted another beer shaded friggin' patio located edge man made lake ish type water feature friggin' ducks always friggin' company,,,Train and evaluate a targeted strategy for the affected data slice.
