category,test_index,true_label,predicted_label,p_positive,word_count,review_excerpt,error_type,testable_fix
confident_false_positive,29330,0,1,0.998991072177887,23,"Wow love the place and everything is very clean and new!\n\nGreat place to come and relax worth a try!\n\nCheers,\n\nEric Van Nguyen\nVisited April 2012",,
confident_false_positive,5752,0,1,0.9987723231315613,411,"NOTE:  This was a 4-star review, but the food quality and ESPECIALLY customer service have gone down the tubes.  See update below.\nComplaining I can't find a good meatball sub in Phoenix, I was referred to Santisi Brothers.  I was told that the meatballs are still made by the brothers' mother, so I was intrigued. \nSantisi Brothers did not disappoint.  That sub was so freaking good!!!  I got the ",,
confident_false_positive,25815,0,1,0.9986467957496643,108,"Attended the @SpaFitFinder launch party, with @spacephx.\n\nI can't say much about the place, other than, even taking into consideration the number of people present, it felt cramped.\n\nThe TrimTini (?) I had was really delicious; vodkatini with lemon zest.\n\nA very nice gentleman, who works at Urban 7, was very gracious in making sure to stop by every time he brought out a new platter of hors d",,
confident_false_positive,30899,0,1,0.9984068274497986,167,"Got a room on New Years Eve after partying in DTLV,  the room was exactly what we needed, bed, clean bathroom, heater,  comforters and toiletries. My biggest complaint are that the rooms are so close together you can hear your neighbors slamming the door each time they left/ came back in.   I'll still give this place a chance since it was new years and everyone was partying but our neighbors were ",,
confident_false_positive,34068,0,1,0.9982779026031494,161,"We must have had a really \""""off\"""" experience, based on other reviews.\nFood: Ordered pork bao buns, onion rings, farm burger, and euro burger minus cheese. Buns and onion rings were both somewhat bland. Pork belly on bao buns was charred/tough. Ordered burgers medium well and sent them back after they came out rare. When prepared a second time, my husband's was very well done (charred). Mine was",,
confident_false_negative,22807,1,0,0.0007902494980953634,96,"EDIT: They really did change the service up since I last posted this.\n\nHorrible service.\n\nUsed to be my favorite pizza in the city (at a reasonable price), but I'm rethinking that. We just had an altercation with a server who refused to split a check when we were paying with cash. He then proceeded to disrespect the party at the table, telling us to 'not give him attitude about it.'\n\nSorry B",,
confident_false_negative,30793,1,0,0.0008573723607696593,98,"This place is so much better since they changed owners.\n\nMy wife and I went when it was the old owners, it was terrible.  We waited forever and the food never came before we walked out.  People were served before us that walked in after and my wife actually got her soup before me and I sat and waited while they \""""made more\"""".\n\nIt was horrible.\n\nNow its much better.  The staff are very frie",,
confident_false_negative,25353,1,0,0.0008712037233635783,247,"I have been ordering from Winder for over a year now.  Both my wife and I work full time and have two young daughters;  yes we pay a premium (fees, higher prices, etc.)but not having to shop for staples every week really helps us manage the household.  I could use grocery delivery from Vons or another store, but I believe I am buying really good quality food.\n\nThe produce is okay, it is hit or m",,
confident_false_negative,21215,1,0,0.001241425983607769,187,Last night several parents came in with over 15 children to celebrate their 9 year olds 4th grade graduation at 9:15 pm. The bartender expressed that it was not a place to have children running around as it is against the law and a liability issue if anything were to happen to them on their premise. The children were running in and out of the bar while the parents continued to drink upstairs claim,,
confident_false_negative,9911,1,0,0.0012722621904686093,937,"Gather around little Yelpers, let me tell you about my stay at ye ol' Treasure Island. No, but seriously get ready to hear it.\n\nWe had the penthouse suite here. Our room was beautifully decorated and looked real crisp. Being an all guys birthday weeknd, we wanted to go all out. As soon as entering the room, we immediately fired up the jacuzzi. And 10 minutes later there was water all over the fl",,
near_threshold,22433,0,1,0.5001627802848816,53,"Fun if you're a drag queen with disposable income. But for a guy who's just buying heels for fun , not the best. I love their catalogues and wide selection , but the prices are off the charts. I'm not a drag queen , and I don't think I'll be back anytime soon.",,
near_threshold,30003,1,0,0.4997551441192627,96,"good, quick, & easy place to stop if you've in/out privileges for a club. esp if you need more food to keep you awake/allow you to drink more\n\ngot 3 x carne asada and 3 x adobaba tacos. hecka good!! felt like i was in sf or san jose. i think the alibabas were better than the carne asadas\n\na plus: didn't feel any gassiness or stomach upset-ness later at the club like i sometimes do from taqueri",,
near_threshold,32744,1,0,0.49949344992637634,84,"Update -\n\nFirst trip was a fluke, bad sandwich. I would say steer clear of the patty melt. We have eaten here a few times since and it has been stellar. The custard is out of this world, the kids meals come with a free custard which is a nice touch. I still like the burgers at In N Out better, but I have definitely eaten here quite a bit more than I have there in the past couple of months so tha",,
near_threshold,23930,1,0,0.4991508722305298,192,"Tottie's is one of those rare restaurants that does two cuisines well - Thai and Chinese.  They may have gone overboard on the \""""fusion\"""" part -- the Thai Fried Chicken with Basil and the Chinese General Tsao's Chicken are almost indistinguishable -- but the Thai curry and noodle dishes are distinct anyway.\n\nThe three major strengths here are:\n1.  The food is uniformly well prepared and tasty",,
near_threshold,6709,1,0,0.49861398339271545,94,"I've been buying dog food and dog hygiene/medical products here for the last six months, and I've found that the staff are really knowledgeable, and they are also low-pressure. These guys genuinely want to help you find the right product, and they don't try to up-sell or plug extra/unnecessary stuff. The store area itself can feel kind of cramped, but I'd much rather spend less time getting the ri",,
slice_long_review,25353,1,0,0.0008712037233635783,247,"I have been ordering from Winder for over a year now.  Both my wife and I work full time and have two young daughters;  yes we pay a premium (fees, higher prices, etc.)but not having to shop for staples every week really helps us manage the household.  I could use grocery delivery from Vons or another store, but I believe I am buying really good quality food.\n\nThe produce is okay, it is hit or m",,
slice_long_review,5752,0,1,0.9987723231315613,411,"NOTE:  This was a 4-star review, but the food quality and ESPECIALLY customer service have gone down the tubes.  See update below.\nComplaining I can't find a good meatball sub in Phoenix, I was referred to Santisi Brothers.  I was told that the meatballs are still made by the brothers' mother, so I was intrigued. \nSantisi Brothers did not disappoint.  That sub was so freaking good!!!  I got the ",,
slice_long_review,21215,1,0,0.001241425983607769,187,Last night several parents came in with over 15 children to celebrate their 9 year olds 4th grade graduation at 9:15 pm. The bartender expressed that it was not a place to have children running around as it is against the law and a liability issue if anything were to happen to them on their premise. The children were running in and out of the bar while the parents continued to drink upstairs claim,,
slice_long_review,9911,1,0,0.0012722621904686093,937,"Gather around little Yelpers, let me tell you about my stay at ye ol' Treasure Island. No, but seriously get ready to hear it.\n\nWe had the penthouse suite here. Our room was beautifully decorated and looked real crisp. Being an all guys birthday weeknd, we wanted to go all out. As soon as entering the room, we immediately fired up the jacuzzi. And 10 minutes later there was water all over the fl",,
slice_long_review,30899,0,1,0.9984068274497986,167,"Got a room on New Years Eve after partying in DTLV,  the room was exactly what we needed, bed, clean bathroom, heater,  comforters and toiletries. My biggest complaint are that the rooms are so close together you can hear your neighbors slamming the door each time they left/ came back in.   I'll still give this place a chance since it was new years and everyone was partying but our neighbors were ",,
