sample_id,image_a2b,image_b2a,rater1_style,rater1_content,rater1_artifacts,rater2_style,rater2_content,rater2_artifacts
0,task3_outputs/translations/validation_A2B/0000.png,task3_outputs/translations/validation_B2A/0000.png,,,,,,
1,task3_outputs/translations/validation_A2B/0001.png,task3_outputs/translations/validation_B2A/0001.png,,,,,,
2,task3_outputs/translations/validation_A2B/0002.png,task3_outputs/translations/validation_B2A/0002.png,,,,,,
3,task3_outputs/translations/validation_A2B/0003.png,task3_outputs/translations/validation_B2A/0003.png,,,,,,
4,task3_outputs/translations/validation_A2B/0004.png,task3_outputs/translations/validation_B2A/0004.png,,,,,,
5,task3_outputs/translations/validation_A2B/0005.png,task3_outputs/translations/validation_B2A/0005.png,,,,,,
6,task3_outputs/translations/validation_A2B/0006.png,task3_outputs/translations/validation_B2A/0006.png,,,,,,
7,task3_outputs/translations/validation_A2B/0007.png,task3_outputs/translations/validation_B2A/0007.png,,,,,,
8,task3_outputs/translations/validation_A2B/0008.png,task3_outputs/translations/validation_B2A/0008.png,,,,,,
9,task3_outputs/translations/validation_A2B/0009.png,task3_outputs/translations/validation_B2A/0009.png,,,,,,
10,task3_outputs/translations/validation_A2B/0010.png,task3_outputs/translations/validation_B2A/0010.png,,,,,,
11,task3_outputs/translations/validation_A2B/0011.png,task3_outputs/translations/validation_B2A/0011.png,,,,,,
12,task3_outputs/translations/validation_A2B/0012.png,task3_outputs/translations/validation_B2A/0012.png,,,,,,
13,task3_outputs/translations/validation_A2B/0013.png,task3_outputs/translations/validation_B2A/0013.png,,,,,,
14,task3_outputs/translations/validation_A2B/0014.png,task3_outputs/translations/validation_B2A/0014.png,,,,,,
15,task3_outputs/translations/validation_A2B/0015.png,task3_outputs/translations/validation_B2A/0015.png,,,,,,
16,task3_outputs/translations/validation_A2B/0016.png,task3_outputs/translations/validation_B2A/0016.png,,,,,,
17,task3_outputs/translations/validation_A2B/0017.png,task3_outputs/translations/validation_B2A/0017.png,,,,,,
18,task3_outputs/translations/validation_A2B/0018.png,task3_outputs/translations/validation_B2A/0018.png,,,,,,
19,task3_outputs/translations/validation_A2B/0019.png,task3_outputs/translations/validation_B2A/0019.png,,,,,,
20,task3_outputs/translations/validation_A2B/0020.png,task3_outputs/translations/validation_B2A/0020.png,,,,,,
21,task3_outputs/translations/validation_A2B/0021.png,task3_outputs/translations/validation_B2A/0021.png,,,,,,
22,task3_outputs/translations/validation_A2B/0022.png,task3_outputs/translations/validation_B2A/0022.png,,,,,,
23,task3_outputs/translations/validation_A2B/0023.png,task3_outputs/translations/validation_B2A/0023.png,,,,,,
24,task3_outputs/translations/validation_A2B/0024.png,task3_outputs/translations/validation_B2A/0024.png,,,,,,
25,task3_outputs/translations/validation_A2B/0025.png,task3_outputs/translations/validation_B2A/0025.png,,,,,,
26,task3_outputs/translations/validation_A2B/0026.png,task3_outputs/translations/validation_B2A/0026.png,,,,,,
27,task3_outputs/translations/validation_A2B/0027.png,task3_outputs/translations/validation_B2A/0027.png,,,,,,
28,task3_outputs/translations/validation_A2B/0028.png,task3_outputs/translations/validation_B2A/0028.png,,,,,,
29,task3_outputs/translations/validation_A2B/0029.png,task3_outputs/translations/validation_B2A/0029.png,,,,,,
